timestamp,heart_rate,gsr,gsr_diff,emotion,emotion_label
2025-03-25 16:20:27,118.0,59.0,0.0,기타,1
2025-03-25 16:20:26,112.0,49.0,-10.0,기타,1
2025-03-25 16:20:25,112.0,40.0,-9.0,기타,1
2025-03-25 16:20:24,112.0,49.0,9.0,기타,1
2025-03-25 16:20:23,112.0,77.0,28.0,기타,1
2025-03-25 16:20:22,115.0,78.0,1.0,기타,1
2025-03-25 16:20:21,115.0,77.0,-1.0,기타,1
2025-03-25 16:20:20,115.0,73.0,-4.0,기타,1
2025-03-25 16:20:19,115.0,69.0,-4.0,기타,1
2025-03-25 16:20:18,113.0,62.0,-7.0,기타,1
2025-03-25 16:20:17,113.0,51.0,-11.0,기타,1
2025-03-25 16:20:16,113.0,39.0,-12.0,기타,1
2025-03-25 16:20:15,113.0,37.0,-2.0,기타,1
2025-03-25 16:20:14,102.0,53.0,16.0,기타,1
2025-03-25 16:20:13,102.0,104.0,51.0,평온,3
2025-03-25 16:20:12,102.0,107.0,3.0,평온,3
2025-03-25 16:20:11,102.0,113.0,6.0,평온,3
2025-03-25 16:20:10,98.0,116.0,3.0,평온,3
2025-03-25 16:20:09,98.0,116.0,0.0,평온,3
2025-03-25 16:20:08,98.0,114.0,-2.0,평온,3
2025-03-25 16:20:07,98.0,110.0,-4.0,평온,3
2025-03-25 16:20:06,94.0,108.0,-2.0,평온,3
2025-03-25 16:20:05,94.0,107.0,-1.0,평온,3
2025-03-25 16:20:04,94.0,103.0,-4.0,평온,3
2025-03-25 16:20:03,94.0,100.0,-3.0,평온,3
2025-03-25 16:20:02,91.0,108.0,8.0,평온,3
2025-03-25 16:20:01,91.0,115.0,7.0,평온,3
2025-03-25 16:20:00,91.0,114.0,-1.0,평온,3
2025-03-25 16:19:59,91.0,109.0,-5.0,평온,3
2025-03-25 16:19:58,95.0,108.0,-1.0,평온,3
2025-03-25 16:19:57,95.0,113.0,5.0,평온,3
2025-03-25 16:19:56,95.0,114.0,1.0,평온,3
2025-03-25 16:19:55,95.0,113.0,-1.0,평온,3
2025-03-25 16:19:54,101.0,111.0,-2.0,평온,3
2025-03-25 16:19:53,101.0,112.0,1.0,평온,3
2025-03-25 16:19:52,101.0,114.0,2.0,평온,3
2025-03-25 16:19:51,101.0,115.0,1.0,평온,3
2025-03-25 16:19:50,111.0,116.0,1.0,평온,3
2025-03-25 16:19:49,111.0,115.0,-1.0,평온,3
2025-03-25 16:19:48,111.0,115.0,0.0,평온,3
2025-03-25 16:19:47,111.0,115.0,0.0,평온,3
2025-03-25 16:19:46,113.0,115.0,0.0,기쁨,0
2025-03-25 16:19:45,113.0,114.0,-1.0,기쁨,0
2025-03-25 16:19:44,113.0,113.0,-1.0,기쁨,0
2025-03-25 16:19:43,113.0,110.0,-3.0,기쁨,0
2025-03-25 16:19:42,115.0,107.0,-3.0,기쁨,0
2025-03-25 16:19:41,115.0,103.0,-4.0,기쁨,0
2025-03-25 16:19:40,115.0,102.0,-1.0,기쁨,0
2025-03-25 16:19:39,115.0,106.0,4.0,기쁨,0
2025-03-25 16:19:38,112.0,102.0,-4.0,평온,3
2025-03-25 16:19:37,112.0,99.0,-3.0,평온,3
2025-03-25 16:19:36,112.0,93.0,-6.0,평온,3
2025-03-25 16:19:35,112.0,92.0,-1.0,평온,3
2025-03-25 16:19:34,110.0,109.0,17.0,평온,3
2025-03-25 16:19:33,110.0,116.0,7.0,평온,3
2025-03-25 16:19:32,110.0,116.0,0.0,평온,3
2025-03-25 16:19:31,110.0,115.0,-1.0,평온,3
2025-03-25 16:19:30,116.0,113.0,-2.0,기쁨,0
2025-03-25 16:19:29,116.0,114.0,1.0,기쁨,0
2025-03-25 16:19:28,116.0,116.0,2.0,기쁨,0
2025-03-25 16:19:27,116.0,117.0,1.0,기쁨,0
2025-03-25 16:19:26,121.0,114.0,-3.0,기쁨,0
2025-03-25 16:19:25,121.0,114.0,0.0,기쁨,0
2025-03-25 16:19:24,121.0,113.0,-1.0,기쁨,0
2025-03-25 16:19:23,121.0,112.0,-1.0,기쁨,0
2025-03-25 16:19:22,117.0,110.0,-2.0,기쁨,0
2025-03-25 16:19:21,117.0,107.0,-3.0,기쁨,0
2025-03-25 16:19:20,117.0,99.0,-8.0,기쁨,0
2025-03-25 16:19:19,117.0,100.0,1.0,기쁨,0
2025-03-25 16:19:18,117.0,107.0,7.0,기쁨,0
2025-03-25 16:19:17,117.0,110.0,3.0,기쁨,0
2025-03-25 16:19:16,117.0,118.0,8.0,기쁨,0
2025-03-25 16:19:15,117.0,117.0,-1.0,기쁨,0
2025-03-25 16:19:14,111.0,117.0,0.0,평온,3
2025-03-25 16:19:13,111.0,116.0,-1.0,평온,3
2025-03-25 16:19:12,111.0,114.0,-2.0,평온,3
2025-03-25 16:19:11,111.0,108.0,-6.0,평온,3
2025-03-25 16:19:10,93.0,96.0,-12.0,평온,3
2025-03-25 16:19:09,93.0,87.0,-9.0,평온,3
2025-03-25 16:19:08,93.0,92.0,5.0,평온,3
2025-03-25 16:19:07,93.0,88.0,-4.0,평온,3
2025-03-25 16:19:06,95.0,101.0,13.0,평온,3
2025-03-25 16:19:05,95.0,122.0,21.0,평온,3
2025-03-25 16:19:04,95.0,119.0,-3.0,평온,3
2025-03-25 16:19:03,95.0,114.0,-5.0,평온,3
2025-03-25 16:19:02,95.0,107.0,-7.0,평온,3
2025-03-25 16:19:01,95.0,94.0,-13.0,평온,3
2025-03-25 16:19:00,95.0,78.0,-16.0,기타,1
2025-03-25 16:18:59,95.0,70.0,-8.0,기타,1
2025-03-25 16:18:58,93.0,58.0,-12.0,기타,1
2025-03-25 16:18:57,93.0,66.0,8.0,기타,1
2025-03-25 16:18:56,93.0,79.0,13.0,기타,1
2025-03-25 16:18:55,93.0,90.0,11.0,평온,3
2025-03-25 16:18:54,100.0,85.0,-5.0,기타,1
2025-03-25 16:18:53,100.0,78.0,-7.0,기타,1
2025-03-25 16:18:52,100.0,81.0,3.0,기타,1
2025-03-25 16:18:51,100.0,76.0,-5.0,기타,1
2025-03-25 16:18:50,105.0,58.0,-18.0,기타,1
2025-03-25 16:18:49,105.0,40.0,-18.0,기타,1
2025-03-25 16:18:48,105.0,44.0,4.0,기타,1
2025-03-25 16:18:47,98.0,66.0,22.0,기타,1
2025-03-25 16:18:46,98.0,70.0,4.0,기타,1
2025-03-25 16:18:45,98.0,81.0,11.0,기타,1
2025-03-25 16:18:44,98.0,79.0,-2.0,기타,1
2025-03-25 16:18:43,99.0,74.0,-5.0,기타,1
2025-03-25 16:18:42,99.0,64.0,-10.0,기타,1
2025-03-25 16:18:41,99.0,65.0,1.0,기타,1
2025-03-25 16:18:40,99.0,68.0,3.0,기타,1
2025-03-25 16:18:39,108.0,65.0,-3.0,기타,1
2025-03-25 16:18:38,108.0,79.0,14.0,기타,1
2025-03-25 16:18:37,108.0,88.0,9.0,평온,3
2025-03-25 16:18:36,108.0,87.0,-1.0,평온,3
2025-03-25 16:18:35,106.0,84.0,-3.0,기타,1
2025-03-25 16:18:34,106.0,81.0,-3.0,기타,1
2025-03-25 16:18:33,106.0,77.0,-4.0,기타,1
2025-03-25 16:18:32,106.0,70.0,-7.0,기타,1
2025-03-25 16:18:31,99.0,63.0,-7.0,기타,1
2025-03-25 16:18:30,99.0,62.0,-1.0,기타,1
2025-03-25 16:18:29,99.0,68.0,6.0,기타,1
2025-03-25 16:18:28,99.0,70.0,2.0,기타,1
2025-03-25 16:18:27,96.0,88.0,18.0,평온,3
2025-03-25 16:18:26,96.0,103.0,15.0,평온,3
2025-03-25 16:18:25,96.0,100.0,-3.0,평온,3
2025-03-25 16:18:24,96.0,98.0,-2.0,평온,3
2025-03-25 16:18:23,101.0,92.0,-6.0,평온,3
2025-03-25 16:18:22,101.0,83.0,-9.0,기타,1
2025-03-25 16:18:21,101.0,84.0,1.0,기타,1
2025-03-25 16:18:20,101.0,106.0,22.0,평온,3
2025-03-25 16:18:19,91.0,109.0,3.0,평온,3
2025-03-25 16:18:18,91.0,108.0,-1.0,평온,3
2025-03-25 16:18:17,91.0,106.0,-2.0,평온,3
2025-03-25 16:18:16,91.0,100.0,-6.0,평온,3
2025-03-25 16:18:15,92.0,97.0,-3.0,평온,3
2025-03-25 16:18:14,92.0,102.0,5.0,평온,3
2025-03-25 16:18:13,92.0,106.0,4.0,평온,3
2025-03-25 16:18:12,92.0,110.0,4.0,평온,3
2025-03-25 16:18:11,95.0,113.0,3.0,평온,3
2025-03-25 16:18:10,95.0,117.0,4.0,평온,3
2025-03-25 16:18:09,95.0,115.0,-2.0,평온,3
2025-03-25 16:18:08,95.0,120.0,5.0,평온,3
2025-03-25 16:18:07,92.0,118.0,-2.0,평온,3
2025-03-25 16:18:06,92.0,114.0,-4.0,평온,3
2025-03-25 16:18:05,92.0,111.0,-3.0,평온,3
2025-03-25 16:18:04,92.0,114.0,3.0,평온,3
2025-03-25 16:18:03,84.0,105.0,-9.0,기타,1
2025-03-25 16:18:02,84.0,114.0,9.0,기타,1
2025-03-25 16:18:01,84.0,114.0,0.0,기타,1
2025-03-25 16:18:00,84.0,112.0,-2.0,기타,1
2025-03-25 16:17:59,94.0,111.0,-1.0,평온,3
2025-03-25 16:17:58,94.0,109.0,-2.0,평온,3
2025-03-25 16:17:57,94.0,107.0,-2.0,평온,3
2025-03-25 16:17:56,94.0,105.0,-2.0,평온,3
2025-03-25 16:17:55,85.0,103.0,-2.0,평온,3
2025-03-25 16:17:54,85.0,101.0,-2.0,평온,3
2025-03-25 16:17:53,85.0,98.0,-3.0,평온,3
2025-03-25 16:17:52,85.0,94.0,-4.0,평온,3
2025-03-25 16:17:51,85.0,85.0,-9.0,기타,1
2025-03-25 16:17:50,85.0,79.0,-6.0,기타,1
2025-03-25 16:17:49,85.0,90.0,11.0,평온,3
2025-03-25 16:17:48,85.0,99.0,9.0,평온,3
2025-03-25 16:17:47,91.0,98.0,-1.0,평온,3
2025-03-25 16:17:46,91.0,95.0,-3.0,평온,3
2025-03-25 16:17:45,91.0,91.0,-4.0,평온,3
2025-03-25 16:17:44,91.0,83.0,-8.0,기타,1
2025-03-25 16:17:43,99.0,84.0,1.0,기타,1
2025-03-25 16:17:42,99.0,105.0,21.0,평온,3
2025-03-25 16:17:41,99.0,108.0,3.0,평온,3
2025-03-25 16:17:40,99.0,106.0,-2.0,평온,3
2025-03-25 16:17:39,92.0,105.0,-1.0,평온,3
2025-03-25 16:17:38,92.0,105.0,0.0,평온,3
2025-03-25 16:17:37,92.0,101.0,-4.0,평온,3
2025-03-25 16:17:36,92.0,99.0,-2.0,평온,3
2025-03-25 16:17:35,96.0,94.0,-5.0,평온,3
2025-03-25 16:17:34,96.0,90.0,-4.0,평온,3
2025-03-25 16:17:33,96.0,88.0,-2.0,평온,3
2025-03-25 16:17:32,96.0,86.0,-2.0,평온,3
2025-03-25 16:17:31,93.0,81.0,-5.0,기타,1
2025-03-25 16:17:30,93.0,75.0,-6.0,기타,1
2025-03-25 16:17:29,93.0,79.0,4.0,기타,1
2025-03-25 16:17:28,93.0,72.0,-7.0,기타,1
2025-03-25 16:17:27,92.0,76.0,4.0,기타,1
2025-03-25 16:17:26,92.0,101.0,25.0,평온,3
2025-03-25 16:17:25,92.0,120.0,19.0,평온,3
2025-03-25 16:17:24,92.0,117.0,-3.0,평온,3
2025-03-25 16:17:23,89.0,117.0,0.0,평온,3
2025-03-25 16:17:22,89.0,117.0,0.0,평온,3
2025-03-25 16:17:21,89.0,114.0,-3.0,평온,3
2025-03-25 16:17:20,89.0,114.0,0.0,평온,3
2025-03-25 16:17:19,89.0,117.0,3.0,평온,3
2025-03-25 16:17:18,89.0,115.0,-2.0,평온,3
2025-03-25 16:17:17,89.0,117.0,2.0,평온,3
2025-03-25 16:17:16,89.0,114.0,-3.0,평온,3
2025-03-25 16:17:15,86.0,112.0,-2.0,평온,3
2025-03-25 16:17:14,86.0,111.0,-1.0,평온,3
2025-03-25 16:17:13,86.0,108.0,-3.0,평온,3
2025-03-25 16:17:12,86.0,107.0,-1.0,평온,3
2025-03-25 16:17:11,99.0,104.0,-3.0,평온,3
2025-03-25 16:17:10,99.0,100.0,-4.0,평온,3
2025-03-25 16:17:09,99.0,95.0,-5.0,평온,3
2025-03-25 16:17:08,99.0,86.0,-9.0,평온,3
2025-03-25 16:17:07,104.0,75.0,-11.0,기타,1
2025-03-25 16:17:06,104.0,84.0,9.0,기타,1
2025-03-25 16:17:05,104.0,106.0,22.0,평온,3
2025-03-25 16:17:04,104.0,118.0,12.0,평온,3
2025-03-25 16:17:03,99.0,125.0,7.0,평온,3
2025-03-25 16:17:02,99.0,123.0,-2.0,평온,3
2025-03-25 16:17:01,99.0,121.0,-2.0,평온,3
2025-03-25 16:17:00,99.0,117.0,-4.0,평온,3
2025-03-25 16:16:59,101.0,116.0,-1.0,평온,3
2025-03-25 16:16:58,101.0,114.0,-2.0,평온,3
2025-03-25 16:16:57,101.0,111.0,-3.0,평온,3
2025-03-25 16:16:56,101.0,108.0,-3.0,평온,3
2025-03-25 16:16:55,105.0,106.0,-2.0,평온,3
2025-03-25 16:16:54,105.0,102.0,-4.0,평온,3
2025-03-25 16:16:53,105.0,101.0,-1.0,평온,3
2025-03-25 16:16:52,105.0,100.0,-1.0,평온,3
2025-03-25 16:16:51,101.0,96.0,-4.0,평온,3
2025-03-25 16:16:50,101.0,84.0,-12.0,기타,1
2025-03-25 16:16:49,101.0,76.0,-8.0,기타,1
2025-03-25 16:16:48,101.0,85.0,9.0,기타,1
2025-03-25 16:16:47,99.0,93.0,8.0,평온,3
2025-03-25 16:16:46,99.0,87.0,-6.0,평온,3
2025-03-25 16:16:45,99.0,85.0,-2.0,기타,1
2025-03-25 16:16:44,99.0,92.0,7.0,평온,3
2025-03-25 16:16:43,107.0,102.0,10.0,평온,3
2025-03-25 16:16:42,107.0,100.0,-2.0,평온,3
2025-03-25 16:16:41,107.0,95.0,-5.0,평온,3
2025-03-25 16:16:40,107.0,87.0,-8.0,평온,3
2025-03-25 16:16:39,106.0,80.0,-7.0,기타,1
2025-03-25 16:16:38,106.0,94.0,14.0,평온,3
2025-03-25 16:16:37,106.0,106.0,12.0,평온,3
2025-03-25 16:16:36,106.0,112.0,6.0,평온,3
2025-03-25 16:16:35,107.0,149.0,37.0,평온,3
2025-03-25 16:16:34,107.0,156.0,7.0,평온,3
2025-03-25 16:16:33,107.0,156.0,0.0,평온,3
2025-03-25 16:16:32,107.0,155.0,-1.0,평온,3
2025-03-25 16:16:31,107.0,152.0,-3.0,평온,3
2025-03-25 16:16:30,107.0,152.0,0.0,평온,3
2025-03-25 16:16:29,107.0,161.0,9.0,평온,3
2025-03-25 16:16:28,107.0,166.0,5.0,평온,3
2025-03-25 16:16:27,98.0,164.0,-2.0,평온,3
2025-03-25 16:16:26,98.0,167.0,3.0,평온,3
2025-03-25 16:16:25,98.0,172.0,5.0,평온,3
2025-03-25 16:16:24,98.0,172.0,0.0,평온,3
2025-03-25 16:16:23,100.0,172.0,0.0,평온,3
2025-03-25 16:16:22,100.0,171.0,-1.0,평온,3
2025-03-25 16:16:21,100.0,170.0,-1.0,평온,3
2025-03-25 16:16:20,100.0,168.0,-2.0,평온,3
2025-03-25 16:16:19,103.0,167.0,-1.0,평온,3
2025-03-25 16:16:18,103.0,166.0,-1.0,평온,3
2025-03-25 16:16:17,103.0,165.0,-1.0,평온,3
2025-03-25 16:16:16,103.0,164.0,-1.0,평온,3
2025-03-25 16:16:15,113.0,161.0,-3.0,기쁨,0
2025-03-25 16:16:14,113.0,159.0,-2.0,기쁨,0
2025-03-25 16:16:13,113.0,158.0,-1.0,기쁨,0
2025-03-25 16:16:12,113.0,161.0,3.0,기쁨,0
2025-03-25 16:16:11,108.0,159.0,-2.0,평온,3
2025-03-25 16:16:10,108.0,161.0,2.0,평온,3
2025-03-25 16:16:09,108.0,165.0,4.0,평온,3
2025-03-25 16:16:08,108.0,163.0,-2.0,평온,3
2025-03-25 16:16:07,116.0,163.0,0.0,기쁨,0
2025-03-25 16:16:06,116.0,163.0,0.0,기쁨,0
2025-03-25 16:16:05,116.0,163.0,0.0,기쁨,0
2025-03-25 16:16:04,116.0,160.0,-3.0,기쁨,0
2025-03-25 16:16:03,116.0,157.0,-3.0,기쁨,0
2025-03-25 16:16:02,116.0,155.0,-2.0,기쁨,0
2025-03-25 16:16:01,116.0,154.0,-1.0,기쁨,0
2025-03-25 16:16:00,116.0,152.0,-2.0,기쁨,0
2025-03-25 16:15:59,109.0,151.0,-1.0,평온,3
2025-03-25 16:15:58,109.0,149.0,-2.0,평온,3
2025-03-25 16:15:57,109.0,146.0,-3.0,평온,3
2025-03-25 16:15:56,109.0,146.0,0.0,평온,3
2025-03-25 16:15:55,97.0,144.0,-2.0,평온,3
2025-03-25 16:15:54,97.0,143.0,-1.0,평온,3
2025-03-25 16:15:53,97.0,141.0,-2.0,평온,3
2025-03-25 16:15:52,97.0,139.0,-2.0,평온,3
2025-03-25 16:15:51,94.0,139.0,0.0,평온,3
2025-03-25 16:15:50,94.0,138.0,-1.0,평온,3
2025-03-25 16:15:49,94.0,136.0,-2.0,평온,3
2025-03-25 16:15:48,94.0,135.0,-1.0,평온,3
2025-03-25 16:15:47,88.0,133.0,-2.0,평온,3
2025-03-25 16:15:46,88.0,131.0,-2.0,평온,3
2025-03-25 16:15:45,88.0,131.0,0.0,평온,3
2025-03-25 16:15:44,88.0,129.0,-2.0,평온,3
2025-03-25 16:15:43,80.0,129.0,0.0,기타,1
2025-03-25 16:15:42,80.0,129.0,0.0,기타,1
2025-03-25 16:15:41,80.0,128.0,-1.0,기타,1
2025-03-25 16:15:40,80.0,128.0,0.0,기타,1
2025-03-25 16:15:39,85.0,127.0,-1.0,평온,3
2025-03-25 16:15:38,85.0,126.0,-1.0,평온,3
2025-03-25 16:15:37,85.0,127.0,1.0,평온,3
2025-03-25 16:15:36,85.0,128.0,1.0,평온,3
2025-03-25 16:15:35,82.0,129.0,1.0,기타,1
2025-03-25 16:15:34,82.0,127.0,-2.0,기타,1
2025-03-25 16:15:33,82.0,123.0,-4.0,기타,1
2025-03-25 16:15:32,82.0,119.0,-4.0,기타,1
2025-03-25 16:15:31,83.0,116.0,-3.0,기타,1
2025-03-25 16:15:30,83.0,115.0,-1.0,기타,1
2025-03-25 16:15:29,83.0,111.0,-4.0,기타,1
2025-03-25 16:15:28,83.0,113.0,2.0,기타,1
2025-03-25 16:15:27,86.0,111.0,-2.0,평온,3
2025-03-25 16:15:26,86.0,108.0,-3.0,평온,3
2025-03-25 16:15:25,86.0,104.0,-4.0,평온,3
2025-03-25 16:15:24,86.0,99.0,-5.0,평온,3
2025-03-25 16:15:23,89.0,92.0,-7.0,평온,3
2025-03-25 16:15:22,89.0,81.0,-11.0,기타,1
2025-03-25 16:15:21,89.0,71.0,-10.0,기타,1
2025-03-25 16:15:20,89.0,98.0,27.0,평온,3
2025-03-25 16:15:19,99.0,103.0,5.0,평온,3
2025-03-25 16:15:18,99.0,100.0,-3.0,평온,3
2025-03-25 16:15:17,99.0,99.0,-1.0,평온,3
2025-03-25 16:15:16,99.0,95.0,-4.0,평온,3
2025-03-25 16:15:15,97.0,89.0,-6.0,평온,3
2025-03-25 16:15:14,97.0,82.0,-7.0,기타,1
2025-03-25 16:15:13,97.0,80.0,-2.0,기타,1
2025-03-25 16:15:12,97.0,77.0,-3.0,기타,1
2025-03-25 16:15:11,109.0,76.0,-1.0,기타,1
2025-03-25 16:15:10,109.0,98.0,22.0,평온,3
2025-03-25 16:15:09,109.0,100.0,2.0,평온,3
2025-03-25 16:15:08,109.0,97.0,-3.0,평온,3
2025-03-25 16:15:07,110.0,89.0,-8.0,평온,3
2025-03-25 16:15:06,110.0,79.0,-10.0,기타,1
2025-03-25 16:15:05,110.0,62.0,-17.0,기타,1
2025-03-25 16:15:04,110.0,64.0,2.0,기타,1
2025-03-25 16:15:03,115.0,79.0,15.0,기타,1
2025-03-25 16:15:02,115.0,65.0,-14.0,기타,1
2025-03-25 16:15:01,115.0,71.0,6.0,기타,1
2025-03-25 16:15:00,115.0,114.0,43.0,기타,1
2025-03-25 16:14:59,113.0,109.0,-5.0,기쁨,0
2025-03-25 16:14:58,113.0,106.0,-3.0,기쁨,0
2025-03-25 16:14:57,113.0,104.0,-2.0,기쁨,0
2025-03-25 16:14:56,113.0,101.0,-3.0,기쁨,0
2025-03-25 16:14:55,126.0,98.0,-3.0,기쁨,0
2025-03-25 16:14:54,126.0,96.0,-2.0,기쁨,0
2025-03-25 16:14:53,126.0,100.0,4.0,기쁨,0
2025-03-25 16:14:52,126.0,98.0,-2.0,기쁨,0
2025-03-25 16:14:51,122.0,96.0,-2.0,기쁨,0
2025-03-25 16:14:50,122.0,92.0,-4.0,기쁨,0
2025-03-25 16:14:49,122.0,87.0,-5.0,기쁨,0
2025-03-25 16:14:48,122.0,77.0,-10.0,기타,1
2025-03-25 16:14:47,123.0,67.0,-10.0,기타,1
2025-03-25 16:14:46,123.0,78.0,11.0,기타,1
2025-03-25 16:14:45,123.0,92.0,14.0,기타,1
2025-03-25 16:14:44,123.0,96.0,4.0,기쁨,0
2025-03-25 16:14:43,126.0,93.0,-3.0,기쁨,0
2025-03-25 16:14:42,126.0,89.0,-4.0,기쁨,0
2025-03-25 16:14:41,126.0,82.0,-7.0,기타,1
2025-03-25 16:14:40,126.0,71.0,-11.0,기타,1
2025-03-25 16:14:39,126.0,62.0,-9.0,기타,1
2025-03-25 16:14:38,126.0,81.0,19.0,기타,1
2025-03-25 16:14:37,126.0,92.0,11.0,기타,1
2025-03-25 16:14:36,126.0,103.0,11.0,기타,1
2025-03-25 16:14:35,123.0,101.0,-2.0,기쁨,0
2025-03-25 16:14:34,123.0,103.0,2.0,기쁨,0
2025-03-25 16:14:33,123.0,107.0,4.0,기쁨,0
2025-03-25 16:14:32,123.0,105.0,-2.0,기쁨,0
2025-03-25 16:14:31,130.0,101.0,-4.0,기쁨,0
2025-03-25 16:14:30,130.0,93.0,-8.0,기쁨,0
2025-03-25 16:14:29,130.0,75.0,-18.0,기타,1
2025-03-25 16:14:28,130.0,50.0,-25.0,기타,1
2025-03-25 16:14:27,129.0,69.0,19.0,기타,1
2025-03-25 16:14:26,129.0,98.0,29.0,기타,1
2025-03-25 16:14:25,129.0,119.0,21.0,기타,1
2025-03-25 16:14:24,129.0,159.0,40.0,긴장,2
2025-03-25 16:14:23,122.0,164.0,5.0,기쁨,0
2025-03-25 16:14:22,122.0,175.0,11.0,긴장,2
2025-03-25 16:14:21,122.0,186.0,11.0,긴장,2
2025-03-25 16:14:20,122.0,184.0,-2.0,기쁨,0
2025-03-25 16:14:19,113.0,182.0,-2.0,기쁨,0
2025-03-25 16:14:18,113.0,178.0,-4.0,기쁨,0
2025-03-25 16:14:17,113.0,176.0,-2.0,기쁨,0
2025-03-25 16:14:16,113.0,173.0,-3.0,기쁨,0
2025-03-25 16:14:15,107.0,169.0,-4.0,평온,3
2025-03-25 16:14:14,107.0,168.0,-1.0,평온,3
2025-03-25 16:14:13,107.0,169.0,1.0,평온,3
2025-03-25 16:14:12,107.0,167.0,-2.0,평온,3
2025-03-25 16:14:11,92.0,184.0,17.0,평온,3
2025-03-25 16:14:10,92.0,203.0,19.0,기타,1
2025-03-25 16:14:09,92.0,202.0,-1.0,기타,1
2025-03-25 16:14:08,92.0,201.0,-1.0,기타,1
2025-03-25 16:14:07,87.0,200.0,-1.0,기타,1
2025-03-25 16:14:06,87.0,200.0,0.0,기타,1
2025-03-25 16:14:05,87.0,198.0,-2.0,기타,1
2025-03-25 16:14:04,87.0,198.0,0.0,기타,1
2025-03-25 16:14:03,90.0,198.0,0.0,기타,1
2025-03-25 16:14:02,90.0,195.0,-3.0,기타,1
2025-03-25 16:14:01,90.0,193.0,-2.0,기타,1
2025-03-25 16:14:00,90.0,193.0,0.0,기타,1
2025-03-25 16:13:59,87.0,191.0,-2.0,기타,1
2025-03-25 16:13:58,87.0,189.0,-2.0,기타,1
2025-03-25 16:13:57,87.0,187.0,-2.0,기타,1
2025-03-25 16:13:56,87.0,185.0,-2.0,기타,1
2025-03-25 16:13:55,85.0,182.0,-3.0,평온,3
2025-03-25 16:13:54,85.0,181.0,-1.0,평온,3
2025-03-25 16:13:53,85.0,181.0,0.0,평온,3
2025-03-25 16:13:52,85.0,187.0,6.0,기타,1
2025-03-25 16:13:51,84.0,188.0,1.0,기타,1
2025-03-25 16:13:50,84.0,185.0,-3.0,기타,1
2025-03-25 16:13:49,84.0,187.0,2.0,기타,1
2025-03-25 16:13:48,84.0,190.0,3.0,기타,1
2025-03-25 16:13:47,84.0,189.0,-1.0,기타,1
2025-03-25 16:13:46,84.0,190.0,1.0,기타,1
2025-03-25 16:13:45,84.0,189.0,-1.0,기타,1
2025-03-25 16:13:44,84.0,187.0,-2.0,기타,1
2025-03-25 16:13:43,76.0,185.0,-2.0,기타,1
2025-03-25 16:13:42,76.0,183.0,-2.0,기타,1
2025-03-25 16:13:41,76.0,183.0,0.0,기타,1
2025-03-25 16:13:40,76.0,183.0,0.0,기타,1
2025-03-25 16:13:39,76.0,182.0,-1.0,기타,1
2025-03-25 16:13:38,76.0,181.0,-1.0,기타,1
2025-03-25 16:13:37,76.0,180.0,-1.0,기타,1
2025-03-25 16:13:36,76.0,178.0,-2.0,기타,1
2025-03-25 16:13:35,73.0,178.0,0.0,기타,1
2025-03-25 16:13:34,73.0,176.0,-2.0,기타,1
2025-03-25 16:13:33,73.0,174.0,-2.0,기타,1
2025-03-25 16:13:32,73.0,172.0,-2.0,기타,1
2025-03-25 16:13:31,76.0,173.0,1.0,기타,1
2025-03-25 16:13:30,76.0,170.0,-3.0,기타,1
2025-03-25 16:13:29,76.0,171.0,1.0,기타,1
2025-03-25 16:13:28,76.0,170.0,-1.0,기타,1
2025-03-25 16:13:27,78.0,169.0,-1.0,기타,1
2025-03-25 16:13:26,78.0,168.0,-1.0,기타,1
2025-03-25 16:13:25,78.0,166.0,-2.0,기타,1
2025-03-25 16:13:24,78.0,162.0,-4.0,기타,1
2025-03-25 16:13:23,79.0,159.0,-3.0,기타,1
2025-03-25 16:13:22,79.0,154.0,-5.0,기타,1
2025-03-25 16:13:21,79.0,155.0,1.0,기타,1
2025-03-25 16:13:20,79.0,159.0,4.0,기타,1
2025-03-25 16:13:19,80.0,158.0,-1.0,기타,1
2025-03-25 16:13:18,80.0,156.0,-2.0,기타,1
2025-03-25 16:13:17,80.0,153.0,-3.0,기타,1
2025-03-25 16:13:16,80.0,151.0,-2.0,기타,1
2025-03-25 16:13:15,84.0,150.0,-1.0,기타,1
2025-03-25 16:13:14,84.0,149.0,-1.0,기타,1
2025-03-25 16:13:13,84.0,147.0,-2.0,기타,1
2025-03-25 16:13:12,84.0,145.0,-2.0,기타,1
2025-03-25 16:13:11,82.0,142.0,-3.0,기타,1
2025-03-25 16:13:10,82.0,137.0,-5.0,기타,1
2025-03-25 16:13:09,82.0,126.0,-11.0,기타,1
2025-03-25 16:13:08,82.0,118.0,-8.0,기타,1
2025-03-25 16:13:07,81.0,138.0,20.0,기타,1
2025-03-25 16:13:06,81.0,138.0,0.0,기타,1
2025-03-25 16:13:05,81.0,134.0,-4.0,기타,1
2025-03-25 16:13:04,81.0,131.0,-3.0,기타,1
2025-03-25 16:13:03,79.0,124.0,-7.0,기타,1
2025-03-25 16:13:02,79.0,114.0,-10.0,기타,1
2025-03-25 16:13:01,79.0,115.0,1.0,기타,1
2025-03-25 16:13:00,79.0,110.0,-5.0,기타,1
2025-03-25 16:12:59,77.0,104.0,-6.0,기타,1
2025-03-25 16:12:58,77.0,131.0,27.0,기타,1
2025-03-25 16:12:57,77.0,125.0,-6.0,기타,1
2025-03-25 16:12:56,77.0,114.0,-11.0,기타,1
2025-03-25 16:12:55,77.0,106.0,-8.0,기타,1
2025-03-25 16:12:54,77.0,106.0,0.0,기타,1
2025-03-25 16:12:53,77.0,135.0,29.0,기타,1
2025-03-25 16:12:52,77.0,134.0,-1.0,기타,1
2025-03-25 16:12:51,76.0,126.0,-8.0,기타,1
2025-03-25 16:12:50,76.0,134.0,8.0,기타,1
2025-03-25 16:12:49,76.0,149.0,15.0,기타,1
2025-03-25 16:12:48,76.0,159.0,10.0,기타,1
2025-03-25 16:12:47,74.0,175.0,16.0,기타,1
2025-03-25 16:12:46,74.0,175.0,0.0,기타,1
2025-03-25 16:12:45,74.0,173.0,-2.0,기타,1
2025-03-25 16:12:44,74.0,170.0,-3.0,기타,1
2025-03-25 16:12:43,75.0,168.0,-2.0,기타,1
2025-03-25 16:12:42,75.0,168.0,0.0,기타,1
2025-03-25 16:12:41,75.0,166.0,-2.0,기타,1
2025-03-25 16:12:40,75.0,166.0,0.0,기타,1
2025-03-25 16:12:39,78.0,165.0,-1.0,기타,1
2025-03-25 16:12:38,78.0,164.0,-1.0,기타,1
2025-03-25 16:12:37,78.0,162.0,-2.0,기타,1
2025-03-25 16:12:36,78.0,157.0,-5.0,기타,1
2025-03-25 16:12:35,77.0,151.0,-6.0,기타,1
2025-03-25 16:12:34,77.0,151.0,0.0,기타,1
2025-03-25 16:12:33,77.0,151.0,0.0,기타,1
2025-03-25 16:12:32,77.0,148.0,-3.0,기타,1
2025-03-25 16:12:31,78.0,143.0,-5.0,기타,1
2025-03-25 16:12:30,78.0,140.0,-3.0,기타,1
2025-03-25 16:12:29,78.0,138.0,-2.0,기타,1
2025-03-25 16:12:28,78.0,138.0,0.0,기타,1
2025-03-25 16:12:27,78.0,142.0,4.0,기타,1
2025-03-25 16:12:26,78.0,142.0,0.0,기타,1
2025-03-25 16:12:25,78.0,136.0,-6.0,기타,1
2025-03-25 16:12:24,78.0,131.0,-5.0,기타,1
2025-03-25 16:12:23,86.0,132.0,1.0,평온,3
2025-03-25 16:12:22,86.0,132.0,0.0,평온,3
2025-03-25 16:12:21,86.0,131.0,-1.0,평온,3
2025-03-25 16:12:20,86.0,127.0,-4.0,평온,3
2025-03-25 16:12:19,85.0,118.0,-9.0,평온,3
2025-03-25 16:12:18,85.0,99.0,-19.0,평온,3
2025-03-25 16:12:17,85.0,81.0,-18.0,기타,1
2025-03-25 16:12:16,85.0,84.0,3.0,기타,1
2025-03-25 16:12:15,87.0,100.0,16.0,평온,3
2025-03-25 16:12:14,87.0,106.0,6.0,평온,3
2025-03-25 16:12:13,87.0,134.0,28.0,평온,3
2025-03-25 16:12:12,87.0,141.0,7.0,평온,3
2025-03-25 16:12:11,91.0,152.0,11.0,평온,3
2025-03-25 16:12:10,91.0,146.0,-6.0,평온,3
2025-03-25 16:12:09,91.0,140.0,-6.0,평온,3
2025-03-25 16:12:08,91.0,151.0,11.0,평온,3
2025-03-25 16:12:07,93.0,151.0,0.0,평온,3
2025-03-25 16:12:06,93.0,144.0,-7.0,평온,3
2025-03-25 16:12:05,93.0,129.0,-15.0,평온,3
2025-03-25 16:12:04,93.0,119.0,-10.0,평온,3
2025-03-25 16:12:03,95.0,137.0,18.0,평온,3
2025-03-25 16:12:02,95.0,147.0,10.0,평온,3
2025-03-25 16:12:01,95.0,154.0,7.0,평온,3
2025-03-25 16:12:00,95.0,185.0,31.0,기타,1
2025-03-25 16:11:59,100.0,185.0,0.0,기타,1
2025-03-25 16:11:58,100.0,183.0,-2.0,평온,3
2025-03-25 16:11:57,100.0,181.0,-2.0,평온,3
2025-03-25 16:11:56,100.0,182.0,1.0,평온,3
2025-03-25 16:11:55,96.0,179.0,-3.0,평온,3
2025-03-25 16:11:54,96.0,176.0,-3.0,평온,3
2025-03-25 16:11:53,96.0,175.0,-1.0,평온,3
2025-03-25 16:11:52,96.0,172.0,-3.0,평온,3
2025-03-25 16:11:51,92.0,169.0,-3.0,평온,3
2025-03-25 16:11:50,92.0,167.0,-2.0,평온,3
2025-03-25 16:11:49,92.0,166.0,-1.0,평온,3
2025-03-25 16:11:48,92.0,163.0,-3.0,평온,3
2025-03-25 16:11:47,91.0,157.0,-6.0,평온,3
2025-03-25 16:11:46,91.0,148.0,-9.0,평온,3
2025-03-25 16:11:45,91.0,139.0,-9.0,평온,3
2025-03-25 16:11:44,91.0,137.0,-2.0,평온,3
2025-03-25 16:11:43,89.0,153.0,16.0,평온,3
2025-03-25 16:11:42,89.0,167.0,14.0,평온,3
2025-03-25 16:11:41,89.0,165.0,-2.0,평온,3
2025-03-25 16:11:40,89.0,168.0,3.0,평온,3
2025-03-25 16:11:39,92.0,182.0,14.0,평온,3
2025-03-25 16:11:38,92.0,209.0,27.0,기타,1
2025-03-25 16:11:37,92.0,216.0,7.0,기타,1
2025-03-25 16:11:36,92.0,249.0,33.0,기타,1
2025-03-25 16:11:35,94.0,253.0,4.0,기타,1
2025-03-25 16:11:34,94.0,249.0,-4.0,기타,1
2025-03-25 16:11:33,94.0,247.0,-2.0,기타,1
2025-03-25 16:11:32,94.0,246.0,-1.0,기타,1
2025-03-25 16:11:31,100.0,245.0,-1.0,기타,1
2025-03-25 16:11:30,100.0,242.0,-3.0,기타,1
2025-03-25 16:11:29,100.0,240.0,-2.0,기타,1
2025-03-25 16:11:28,100.0,238.0,-2.0,기타,1
2025-03-25 16:11:27,110.0,236.0,-2.0,기타,1
2025-03-25 16:11:26,110.0,233.0,-3.0,기타,1
2025-03-25 16:11:25,110.0,231.0,-2.0,기타,1
2025-03-25 16:11:24,110.0,228.0,-3.0,기타,1
2025-03-25 16:11:23,110.0,227.0,-1.0,기타,1
2025-03-25 16:11:22,110.0,229.0,2.0,기타,1
2025-03-25 16:11:21,110.0,227.0,-2.0,기타,1
2025-03-25 16:11:20,110.0,225.0,-2.0,기타,1
2025-03-25 16:11:19,108.0,223.0,-2.0,기타,1
2025-03-25 16:11:18,108.0,221.0,-2.0,기타,1
2025-03-25 16:11:17,108.0,220.0,-1.0,기타,1
2025-03-25 16:11:16,108.0,221.0,1.0,기타,1
2025-03-25 16:11:15,118.0,219.0,-2.0,긴장,2
2025-03-25 16:11:14,118.0,218.0,-1.0,긴장,2
2025-03-25 16:11:13,118.0,217.0,-1.0,긴장,2
2025-03-25 16:11:12,118.0,215.0,-2.0,긴장,2
2025-03-25 16:11:11,116.0,214.0,-1.0,긴장,2
2025-03-25 16:11:10,116.0,212.0,-2.0,긴장,2
2025-03-25 16:11:09,116.0,212.0,0.0,긴장,2
2025-03-25 16:11:08,116.0,215.0,3.0,긴장,2
2025-03-25 16:11:07,116.0,210.0,-5.0,긴장,2
2025-03-25 16:11:06,116.0,206.0,-4.0,긴장,2
2025-03-25 16:11:05,116.0,212.0,6.0,긴장,2
2025-03-25 16:11:04,116.0,237.0,25.0,긴장,2
2025-03-25 16:11:03,123.0,251.0,14.0,긴장,2
2025-03-25 16:11:02,123.0,257.0,6.0,긴장,2
2025-03-25 16:11:01,123.0,252.0,-5.0,긴장,2
2025-03-25 16:11:00,123.0,244.0,-8.0,긴장,2
2025-03-25 16:10:59,123.0,254.0,10.0,긴장,2
2025-03-25 16:10:58,123.0,258.0,4.0,긴장,2
2025-03-25 16:10:57,123.0,257.0,-1.0,긴장,2
2025-03-25 16:10:56,123.0,256.0,-1.0,긴장,2
2025-03-25 16:10:55,119.0,253.0,-3.0,긴장,2
2025-03-25 16:10:54,119.0,252.0,-1.0,긴장,2
2025-03-25 16:10:53,119.0,250.0,-2.0,긴장,2
2025-03-25 16:10:52,119.0,249.0,-1.0,긴장,2
2025-03-25 16:10:51,115.0,245.0,-4.0,긴장,2
2025-03-25 16:10:50,115.0,240.0,-5.0,긴장,2
2025-03-25 16:10:49,115.0,246.0,6.0,긴장,2
2025-03-25 16:10:48,115.0,242.0,-4.0,긴장,2
2025-03-25 16:10:47,110.0,239.0,-3.0,기타,1
2025-03-25 16:10:46,110.0,230.0,-9.0,기타,1
2025-03-25 16:10:45,110.0,225.0,-5.0,기타,1
2025-03-25 16:10:44,110.0,224.0,-1.0,기타,1
2025-03-25 16:10:43,100.0,238.0,14.0,기타,1
2025-03-25 16:10:42,100.0,241.0,3.0,기타,1
2025-03-25 16:10:41,100.0,238.0,-3.0,기타,1
2025-03-25 16:10:40,100.0,235.0,-3.0,기타,1
2025-03-25 16:10:39,94.0,228.0,-7.0,기타,1
2025-03-25 16:10:38,94.0,212.0,-16.0,기타,1
2025-03-25 16:10:37,94.0,209.0,-3.0,기타,1
2025-03-25 16:10:36,94.0,208.0,-1.0,기타,1
2025-03-25 16:10:35,86.0,208.0,0.0,기타,1
2025-03-25 16:10:34,86.0,208.0,0.0,기타,1
2025-03-25 16:10:33,86.0,208.0,0.0,기타,1
2025-03-25 16:10:32,86.0,206.0,-2.0,기타,1
2025-03-25 16:10:31,85.0,204.0,-2.0,기타,1
2025-03-25 16:10:30,85.0,201.0,-3.0,기타,1
2025-03-25 16:10:29,85.0,199.0,-2.0,기타,1
2025-03-25 16:10:28,85.0,195.0,-4.0,기타,1
2025-03-25 16:16:18,106.75509171419199,164.51265298754612,-1.035373583572928,평온,3
2025-03-25 16:17:46,88.76444540482852,95.92277432945752,-2.728939733216856,평온,3
2025-03-25 16:18:15,92.43736048118515,91.25387052011445,-2.904350885601061,평온,3
2025-03-25 16:12:09,94.660913968449,149.62826266994333,-6.191081022660793,평온,3
2025-03-25 16:16:17,97.96708896642583,177.12432775619246,-0.9283990862763065,평온,3
2025-03-25 16:17:10,95.38514177901683,92.28797439574844,-4.279827598837118,평온,3
2025-03-25 16:15:18,101.48388880219139,96.79681243678101,-2.9666783747743657,평온,3
2025-03-25 16:19:46,107.35615932677086,117.9450926556856,0.0,기쁨,0
2025-03-25 16:19:45,116.7742482461855,109.53629600092258,-0.9925243772920562,기쁨,0
2025-03-25 16:19:44,109.70217025648806,104.08505007538756,-1.0999189093540322,기쁨,0
2025-03-25 16:19:43,108.7849888604417,102.32133372574434,-2.9350809878837,기쁨,0
2025-03-25 16:19:42,118.88883576707329,111.45139586121772,-3.1575817294624757,기쁨,0
2025-03-25 16:19:41,119.01994693379905,98.11000636106297,-4.115368812324771,기쁨,0
2025-03-25 16:19:40,112.10374052390203,106.52264482398452,-0.9848736742403165,기쁨,0
2025-03-25 16:19:39,113.0573566974739,96.40462777543495,4.147764495133669,기쁨,0
2025-03-25 16:19:30,115.58872079610535,111.44498531426319,-2.0845967799760436,기쁨,0
2025-03-25 16:19:29,117.07624985255575,116.94979138089181,0.9418488540323888,기쁨,0
2025-03-25 16:19:28,117.75089693186705,123.17237478919832,1.9264079008647934,기쁨,0
2025-03-25 16:19:27,116.03246942462908,115.983902635716,0.929788143352831,기쁨,0
2025-03-25 16:19:26,119.63119346243971,103.78438074635262,-2.875406866034062,기쁨,0
2025-03-25 16:19:25,118.89461927252748,104.62593970113687,0.0,기쁨,0
2025-03-25 16:19:24,116.47895642718508,119.59849755035401,-0.9689032914742891,기쁨,0
2025-03-25 16:19:23,121.87751093502726,103.89753203306842,-0.9670562140794199,기쁨,0
2025-03-25 16:19:22,113.93983731057628,101.37686412808152,-2.0234750868613065,기쁨,0
2025-03-25 16:19:21,117.79983262866888,112.30989081247682,-3.1357108312462803,기쁨,0
2025-03-25 16:19:20,111.79851225586168,96.93354255117558,-8.20714788212965,기쁨,0
2025-03-25 16:19:19,118.28654455951153,93.0901754630877,0.9344135216910381,기쁨,0
2025-03-25 16:19:18,115.9280606242159,115.67812441500716,6.387089194395611,기쁨,0
2025-03-25 16:19:17,114.41485505785336,104.398904992272,3.0361395480116578,기쁨,0
2025-03-25 16:19:16,116.27048200908455,115.89405977976685,7.622680463972225,기쁨,0
2025-03-25 16:19:15,118.07270648594412,115.70862351537998,-1.0348245863537702,기쁨,0
2025-03-25 16:16:15,112.19459422458245,163.86533510147362,-2.95739531935039,기쁨,0
2025-03-25 16:16:14,116.82145264237528,148.9194707976223,-2.050896625840884,기쁨,0
2025-03-25 16:16:13,111.36477519402202,169.69635201767574,-0.9642088217597157,기쁨,0
2025-03-25 16:16:12,107.57471006898898,161.00313991774007,2.938296909258275,기쁨,0
2025-03-25 16:16:07,115.7943680916761,178.03357048258894,0.0,기쁨,0
2025-03-25 16:16:06,111.04384363055738,175.14127425391024,0.0,기쁨,0
2025-03-25 16:16:05,117.67930328430037,158.72230232496156,0.0,기쁨,0
2025-03-25 16:16:04,116.26070158276328,166.81170624692805,-2.947927005271953,기쁨,0
2025-03-25 16:16:03,110.34342630934893,144.94308981936072,-3.263280378334475,기쁨,0
2025-03-25 16:16:02,118.61282527036225,159.40166895324228,-2.1137919457501524,기쁨,0
2025-03-25 16:16:01,114.38040114311417,150.9605472474236,-1.00290037121067,기쁨,0
2025-03-25 16:16:00,117.16751979929549,148.92882168996695,-2.0325336595258277,기쁨,0
2025-03-25 16:14:59,111.28173070409055,98.79164022214678,-4.9332994275495015,기쁨,0
2025-03-25 16:14:58,113.09937545469938,115.92210091767785,-2.793329617378517,기쁨,0
2025-03-25 16:14:57,115.43784143468429,106.20429017984588,-1.9394248848762174,기쁨,0
2025-03-25 16:14:56,114.34285599638412,102.85430947288012,-3.205951277200045,기쁨,0
2025-03-25 16:14:55,130.02458123443174,105.53125545620493,-2.933841918766853,기쁨,0
2025-03-25 16:14:54,122.83379555236716,98.8382403506938,-1.8733318211490886,기쁨,0
2025-03-25 16:14:53,121.5554544073974,94.99783439472455,3.62146685085526,기쁨,0
2025-03-25 16:14:52,123.43862628786792,97.77022180752344,-1.8468519518499986,기쁨,0
2025-03-25 16:14:51,124.53353422666306,92.36721119728661,-1.8288756887309239,기쁨,0
2025-03-25 16:14:50,120.54991996498192,94.69691810004542,-4.117516218524041,기쁨,0
2025-03-25 16:14:49,116.1122487923483,95.12654366242751,-4.791501784657777,기쁨,0
2025-03-25 16:14:44,124.74929059528598,96.55061591199879,4.140007047592708,기쁨,0
2025-03-25 16:14:43,129.49505149088623,87.22121954850762,-2.9151756850763064,기쁨,0
2025-03-25 16:14:42,130.74705055895976,91.2931626558446,-3.6777428972623687,기쁨,0
2025-03-25 16:14:35,120.83079157034113,104.17775683218301,-2.1290793664008314,기쁨,0
2025-03-25 16:14:34,117.763919768326,102.9577767326126,2.126197788616274,기쁨,0
2025-03-25 16:14:33,121.12160408015974,106.18759360661454,4.345793115767309,기쁨,0
2025-03-25 16:14:32,119.53950238774182,102.56624525493031,-1.9743254364278866,기쁨,0
2025-03-25 16:14:31,135.76392167625136,95.21207266512792,-3.892670900196686,기쁨,0
2025-03-25 16:14:30,123.87553948829002,101.81305126972875,-8.47389825881061,기쁨,0
2025-03-25 16:14:23,118.9063479823564,162.7585013209201,4.887568225944625,기쁨,0
2025-03-25 16:14:20,120.78575574032072,180.19882283791094,-2.0976221157359873,기쁨,0
2025-03-25 16:14:19,107.44562917686403,172.62372987211586,-2.0207647576970076,기쁨,0
2025-03-25 16:14:18,111.45775180374267,164.65674743725094,-4.23340223744346,기쁨,0
2025-03-25 16:14:17,110.16499313315212,191.92683963414513,-1.8572173670541845,기쁨,0
2025-03-25 16:14:16,109.86322087909404,174.2202425919093,-2.9592150247192985,기쁨,0
2025-03-25 16:19:46,112.97107443138948,123.54453837544612,0.0,기쁨,0
2025-03-25 16:19:45,110.38644734758802,116.16588993120456,-0.9513032110453186,기쁨,0
2025-03-25 16:19:44,112.29492131738887,119.98963877811984,-1.0149259175797267,기쁨,0
2025-03-25 16:19:43,118.05075902296736,106.39413862887713,-3.1904019472679996,기쁨,0
2025-03-25 16:19:42,110.45154828545942,103.82868064002955,-2.7134566328506637,기쁨,0
2025-03-25 16:19:41,113.53755144570023,111.35606531460095,-3.6780681451380683,기쁨,0
2025-03-25 16:19:40,119.95523447164202,111.99723679105296,-0.983552357313028,기쁨,0
2025-03-25 16:19:39,111.61516877383839,99.41818059824529,3.9520101780274413,기쁨,0
2025-03-25 16:19:30,114.6853544739188,116.01026401772319,-2.1452481035288913,기쁨,0
2025-03-25 16:19:29,118.55908499930231,122.48540271015615,0.9369388197603851,기쁨,0
2025-03-25 16:19:28,119.24663714005918,107.82370289777009,1.972663544377978,기쁨,0
2025-03-25 16:19:27,111.55544954405333,119.98025007833284,1.0181478503986523,기쁨,0
2025-03-25 16:19:26,115.1607749292507,107.68244953621667,-3.059538278480734,기쁨,0
2025-03-25 16:19:25,121.27265690895817,114.76491182452311,0.0,기쁨,0
2025-03-25 16:19:24,124.1728471727908,124.24021438141264,-0.9790088478630374,기쁨,0
2025-03-25 16:19:23,122.48756616910161,115.93334709733679,-1.0262795506403308,기쁨,0
2025-03-25 16:19:22,115.51278017793906,109.26147073814042,-2.096811771929933,기쁨,0
2025-03-25 16:19:21,112.63570541051976,113.98212259334802,-2.8487746221146444,기쁨,0
2025-03-25 16:19:20,114.38587343915906,102.80421102947979,-8.694674083842301,기쁨,0
2025-03-25 16:19:19,113.46304231335257,106.03916880394864,1.0923981130735496,기쁨,0
2025-03-25 16:19:18,113.08659037888715,98.22410543897892,7.107720457733379,기쁨,0
2025-03-25 16:19:17,112.07598101550053,115.29702449433374,3.220498717434292,기쁨,0
2025-03-25 16:19:16,120.43798606684831,127.58972091928102,7.453307951529435,기쁨,0
2025-03-25 16:19:15,118.26003179428304,121.13154306015232,-1.0148356619634598,기쁨,0
2025-03-25 16:16:15,116.03210222053825,159.50609303592734,-3.2320697079343863,기쁨,0
2025-03-25 16:16:14,114.30919943992326,153.08330862975743,-2.0352865393654356,기쁨,0
2025-03-25 16:16:13,111.07864149014354,165.58228416916808,-0.982066592147637,기쁨,0
2025-03-25 16:16:12,107.66568825957621,167.9084033583462,2.9553949580380663,기쁨,0
2025-03-25 16:16:07,120.33536866727552,168.54388164709155,0.0,기쁨,0
2025-03-25 16:16:06,110.55708795798328,158.79917190959313,0.0,기쁨,0
2025-03-25 16:16:05,116.01295344833015,171.26794028794714,0.0,기쁨,0
2025-03-25 16:16:04,119.15452133799124,147.47743486769886,-3.0898606730376574,기쁨,0
2025-03-25 16:16:03,119.03042743571943,166.92995056643463,-2.9570754136087105,기쁨,0
2025-03-25 16:16:02,117.11216591476729,165.32901865160048,-2.1592404932090643,기쁨,0
2025-03-25 16:16:01,112.26455444803572,152.8379873005009,-1.0683786785979,기쁨,0
2025-03-25 16:16:00,119.68682866343136,137.63702960917962,-2.130319030951272,기쁨,0
2025-03-25 16:14:59,110.94756883491505,116.65716932503443,-4.7502516995475395,기쁨,0
2025-03-25 16:14:58,111.78366626240965,115.51362528797611,-3.0191971260766626,기쁨,0
2025-03-25 16:14:57,115.40398150948238,99.91577440112803,-1.8656944331193963,기쁨,0
2025-03-25 16:14:56,110.10890493265879,93.7731445772288,-2.8465775050199578,기쁨,0
2025-03-25 16:14:55,125.93736815780532,103.22495090618953,-2.7111015769655102,기쁨,0
2025-03-25 16:14:54,120.57451021181105,95.76032725423592,-2.0771916477674712,기쁨,0
2025-03-25 16:14:53,131.81235872597924,90.67842503303993,3.6414357943891895,기쁨,0
2025-03-25 16:14:52,131.75666341749144,107.59199141262944,-1.8920730025434291,기쁨,0
2025-03-25 16:14:51,127.89590909465333,97.137603072236,-2.124399824192782,기쁨,0
2025-03-25 16:14:50,120.0960055679692,88.99320686835557,-4.038595093209608,기쁨,0
2025-03-25 16:14:49,124.06421940305596,90.74645117628212,-5.021135021796816,기쁨,0
2025-03-25 16:14:44,126.35701341935248,94.90214988276097,3.9567536329467328,기쁨,0
2025-03-25 16:14:43,120.2602375874504,86.6199211185728,-2.8408030690204575,기쁨,0
2025-03-25 16:14:42,123.9655897202254,91.77106299464363,-4.232393890715666,기쁨,0
2025-03-25 16:14:35,123.8079332399611,91.17899053313657,-1.8498506707183764,기쁨,0
2025-03-25 16:14:34,120.60081740659014,102.36872946694845,2.1253615153327465,기쁨,0
2025-03-25 16:14:33,120.64414715346827,115.75837051647346,4.064651218472346,기쁨,0
2025-03-25 16:14:32,121.48523269024642,113.46114137125568,-1.9638857590907224,기쁨,0
2025-03-25 16:14:31,126.4164275842497,97.43104488428334,-3.6662191289007797,기쁨,0
2025-03-25 16:14:30,132.0603285840092,102.2647001753803,-8.592515215522205,기쁨,0
2025-03-25 16:14:23,124.07512645432746,167.31500170864942,5.397088694914594,기쁨,0
2025-03-25 16:14:20,126.30896377898138,189.41166879169944,-2.184431698406029,기쁨,0
2025-03-25 16:14:19,113.19497610693324,177.6566217717569,-2.015948396657687,기쁨,0
2025-03-25 16:14:18,112.94392328742535,167.0950769112556,-4.243917565226884,기쁨,0
2025-03-25 16:14:17,113.63715748570078,163.145736041536,-2.115588429752256,기쁨,0
2025-03-25 16:14:16,115.46346855923187,166.94310024564882,-2.783172277515465,기쁨,0
2025-03-25 16:19:46,113.7795206592588,105.02985546768596,0.0,기쁨,0
2025-03-25 16:19:45,107.55378355658915,122.90034402613963,-1.0685162572999758,기쁨,0
2025-03-25 16:19:44,115.86161943656158,118.21810433288482,-0.9342276914114881,기쁨,0
2025-03-25 16:19:43,109.36322462107456,104.9555757160916,-3.0896914288209727,기쁨,0
2025-03-25 16:19:42,118.6837235672818,109.85677014934966,-3.231030379229365,기쁨,0
2025-03-25 16:19:41,119.76631656859563,99.14022505494741,-4.010975204113696,기쁨,0
2025-03-25 16:19:40,116.59619966351032,96.70346974614753,-1.0909881793356422,기쁨,0
2025-03-25 16:19:39,115.18935288980028,101.99020527124708,3.71943694878545,기쁨,0
2025-03-25 16:19:30,118.6091954693417,120.83468337312446,-2.1520803169234046,기쁨,0
2025-03-25 16:19:29,111.19443565858873,123.09558420361039,1.0530448873034377,기쁨,0
2025-03-25 16:19:28,121.27337835040225,122.62516350453177,2.052584396403571,기쁨,0
2025-03-25 16:19:27,121.2557278183444,128.54789532871473,1.063328796968446,기쁨,0
2025-03-25 16:19:26,124.50504899168088,112.9962814345321,-3.2366535442837803,기쁨,0
2025-03-25 16:19:25,126.56396146537224,116.99201699606975,0.0,기쁨,0
2025-03-25 16:19:24,125.06618283347065,106.83969996241777,-1.0843488677220432,기쁨,0
2025-03-25 16:19:23,119.05033073196479,104.94576485339033,-1.0782253697256932,기쁨,0
2025-03-25 16:19:22,112.88143311272984,119.67591779904126,-1.9748525454997827,기쁨,0
2025-03-25 16:19:21,114.85517955404565,98.67920507371197,-3.2579825580945574,기쁨,0
2025-03-25 16:19:20,118.43712740071803,89.51099249773054,-8.089428391452623,기쁨,0
2025-03-25 16:19:19,115.75869755638308,101.6459327186532,1.0518961246620429,기쁨,0
2025-03-25 16:19:18,115.97871247577729,112.11279799980744,7.189641735655993,기쁨,0
2025-03-25 16:19:17,112.75363201831944,100.03631604958096,3.2310484567767936,기쁨,0
2025-03-25 16:19:16,113.9240333211722,122.18231169946738,8.501466148919713,기쁨,0
2025-03-25 16:19:15,111.6557435887961,117.97083768531212,-1.0071145630975022,기쁨,0
2025-03-25 16:16:15,108.65843225551203,154.19023425281497,-3.0597891338855323,기쁨,0
2025-03-25 16:16:14,112.0164138732592,171.09687529120342,-1.9578479684255268,기쁨,0
2025-03-25 16:16:13,115.0653694286678,171.7236729378789,-0.997651802118988,기쁨,0
2025-03-25 16:16:12,116.3484368828503,167.3541971026892,3.1960802032206947,기쁨,0
2025-03-25 16:16:07,119.76930240575618,169.14641431580506,0.0,기쁨,0
2025-03-25 16:16:06,115.45870236211353,173.30528568693003,0.0,기쁨,0
2025-03-25 16:16:05,120.87545837428888,171.623402682396,0.0,기쁨,0
2025-03-25 16:16:04,110.61588440067175,159.37016933739278,-3.119491230616154,기쁨,0
2025-03-25 16:16:03,121.11068762977239,141.59939177153714,-3.0658016683214395,기쁨,0
2025-03-25 16:16:02,113.02784423405537,169.41006213692089,-1.855393226003915,기쁨,0
2025-03-25 16:16:01,121.24363770506383,146.9786307493242,-1.0457876222727684,기쁨,0
2025-03-25 16:16:00,112.47026464134876,166.46807382692617,-1.8832309036844845,기쁨,0
2025-03-25 16:14:59,108.91366241156865,106.30243402491148,-5.322048882714573,기쁨,0
2025-03-25 16:14:58,109.65009995848513,100.02708423045983,-2.9565773917177545,기쁨,0
2025-03-25 16:14:57,113.01569293092237,111.83159349666158,-2.1724583699001445,기쁨,0
2025-03-25 16:14:56,111.56195344478093,110.4528060657076,-3.0843709843746514,기쁨,0
2025-03-25 16:14:55,124.41190277688384,95.41145655377214,-2.936845974362309,기쁨,0
2025-03-25 16:14:54,124.65542877838337,86.42503992149263,-1.814515669812108,기쁨,0
2025-03-25 16:14:53,120.55285757669417,98.09403365548799,4.26000798244187,기쁨,0
2025-03-25 16:14:52,132.26516179108708,95.99232860760057,-1.8410188299659462,기쁨,0
2025-03-25 16:14:51,125.50822489891924,104.83977861824866,-2.1099689047885466,기쁨,0
2025-03-25 16:14:50,126.46022560658737,88.66849647268246,-4.050732446107512,기쁨,0
2025-03-25 16:14:49,119.63639971537505,85.31015030085908,-5.242168166693352,기쁨,0
2025-03-25 16:14:44,120.40794488862295,87.11657331378285,3.7340009705781667,기쁨,0
2025-03-25 16:14:43,121.04559067894641,88.68462093668965,-2.9243642277918527,기쁨,0
2025-03-25 16:14:42,119.93237008093797,83.90700339371303,-4.015949455886254,기쁨,0
2025-03-25 16:14:35,120.43928687834257,96.03006485613372,-2.103773532034999,기쁨,0
2025-03-25 16:14:34,122.01870103090154,92.80762309729654,2.1172812699271355,기쁨,0
2025-03-25 16:14:33,126.13976401578188,102.45391394764924,4.103669132867372,기쁨,0
2025-03-25 16:14:32,129.02798517006153,113.38932860710375,-1.8023398942893776,기쁨,0
2025-03-25 16:14:31,129.44255425163922,91.42272615528371,-3.6992241619208928,기쁨,0
2025-03-25 16:14:30,134.8812449152468,90.72740261123975,-8.085590620198088,기쁨,0
2025-03-25 16:14:23,127.91241211410635,177.37082326564328,5.128631178797051,기쁨,0
2025-03-25 16:14:20,124.1275003268405,195.12777509446616,-2.1382595150449757,기쁨,0
2025-03-25 16:14:19,110.04623901097109,179.19756355366198,-2.1860393761963626,기쁨,0
2025-03-25 16:14:18,112.93997106023123,185.41838275462354,-3.6968189013097543,기쁨,0
2025-03-25 16:14:17,109.943326310716,167.58332901832443,-2.1708168750561834,기쁨,0
2025-03-25 16:14:16,115.7028321872334,168.87441760011228,-3.026624691688623,기쁨,0
2025-03-25 16:14:17,115.7231387225393,177.16708761958,-1.8090269314801417,기쁨,0
2025-03-25 16:19:42,114.87245401554337,109.91554161880521,-2.9380188949133936,기쁨,0
2025-03-25 16:19:15,122.18834329329667,112.36456676064255,-1.0749010247992288,기쁨,0
2025-03-25 16:14:54,125.77142450002171,87.64041474032969,-2.1158359469245664,기쁨,0
2025-03-25 16:19:17,111.78721939797948,99.12397980382262,2.7366641813462707,기쁨,0
2025-03-25 16:14:42,124.75794796521042,93.6172683606997,-3.6300316472299654,기쁨,0
2025-03-25 16:19:22,117.35811402883277,100.68039586999184,-2.1069397932342637,기쁨,0
2025-03-25 16:14:54,120.00469108689012,103.01705364652818,-1.8406736930999659,기쁨,0
2025-03-25 16:14:20,118.4670386151253,167.3525020411015,-2.1656145612077644,기쁨,0
2025-03-25 16:14:24,125.81622985500702,173.3385393357069,39.87199474631476,긴장,2
2025-03-25 16:14:22,116.93547880331259,185.03385855499346,11.069316536026014,긴장,2
2025-03-25 16:14:21,126.3755488251725,203.28616554211038,10.75231356896117,긴장,2
2025-03-25 16:11:15,118.14863424462162,237.69384831409218,-2.07129712461673,긴장,2
2025-03-25 16:11:14,117.47613230273062,238.9889467882811,-1.0252638623807242,긴장,2
2025-03-25 16:11:13,116.8240528782819,215.48921501416194,-1.065042568895372,긴장,2
2025-03-25 16:11:12,115.28891658285765,207.54130244570476,-2.139979842914975,긴장,2
2025-03-25 16:11:11,115.98896641450916,216.96097733824766,-0.915795375027517,긴장,2
2025-03-25 16:11:10,118.23494541762669,218.09526820085006,-1.8685410305983798,긴장,2
2025-03-25 16:11:09,116.09665201910862,225.11294998943885,0.0,긴장,2
2025-03-25 16:11:08,115.47667550010527,224.71003219876712,3.2104310006755052,긴장,2
2025-03-25 16:11:07,113.82529357179963,216.68552693969738,-5.099518486431265,긴장,2
2025-03-25 16:11:06,119.94899424155224,221.47325657051417,-4.164238213843409,긴장,2
2025-03-25 16:11:05,121.08799300801044,221.59562554537575,5.866695157524515,긴장,2
2025-03-25 16:11:04,114.75564378324259,233.86247401274065,26.774160386412934,긴장,2
2025-03-25 16:11:03,119.52348982669334,252.66627591363525,14.813631670161818,긴장,2
2025-03-25 16:11:02,121.94103844645745,247.81227456684226,6.110750604886656,긴장,2
2025-03-25 16:11:01,120.42136298774753,246.12998559534446,-5.482429936275818,긴장,2
2025-03-25 16:11:00,124.76028015922341,258.0377234294796,-8.7735273323167,긴장,2
2025-03-25 16:10:59,116.89841423269948,252.14835986436225,9.609062746158243,긴장,2
2025-03-25 16:10:58,123.8706983436661,238.52891707008058,4.292856204379859,긴장,2
2025-03-25 16:10:57,117.16212730179178,281.3167584968029,-0.9613705231482658,긴장,2
2025-03-25 16:10:56,123.1288498705519,238.35341452537952,-1.0734842720461248,긴장,2
2025-03-25 16:10:55,117.60290593269008,274.6381017471147,-2.822192625742048,긴장,2
2025-03-25 16:10:54,117.24886375392711,230.63365476325794,-1.0064261605578069,긴장,2
2025-03-25 16:10:53,119.68268688159692,272.07818213395154,-2.091282200618542,긴장,2
2025-03-25 16:10:52,117.56063668872338,237.7488519505795,-0.9088560299127181,긴장,2
2025-03-25 16:10:51,116.17443603744658,267.87092185707223,-4.286963581526842,긴장,2
2025-03-25 16:10:50,112.36562491655758,263.16456749910014,-5.367648848829143,긴장,2
2025-03-25 16:10:49,117.4299932425226,227.5619536781269,6.038468321355625,긴장,2
2025-03-25 16:10:48,118.16688201519669,262.78760442424147,-4.153024523147845,긴장,2
2025-03-25 16:14:24,135.3829814064318,164.4239915368973,37.48068404149008,긴장,2
2025-03-25 16:14:22,117.44848180174866,170.9076178871532,9.908943925345659,긴장,2
2025-03-25 16:14:21,119.17559718487162,187.96431721768323,11.010016649613815,긴장,2
2025-03-25 16:11:15,115.78030588165626,239.46685507533084,-2.006755589753536,긴장,2
2025-03-25 16:11:14,113.12494331751833,208.52516613929635,-0.9811519732959244,긴장,2
2025-03-25 16:11:13,120.62473415177806,200.8840727344818,-0.9945740278620512,긴장,2
2025-03-25 16:11:12,112.71368341735156,202.91318855428358,-2.0823212632642543,긴장,2
2025-03-25 16:11:11,115.29048699405979,209.02490561578773,-1.037508952460863,긴장,2
2025-03-25 16:11:10,115.9981432094531,215.81755714991576,-1.8327548049527531,긴장,2
2025-03-25 16:11:09,112.31311209694297,202.61675596018537,0.0,긴장,2
2025-03-25 16:11:08,121.1378020280729,205.20857601415227,3.2709673659756873,긴장,2
2025-03-25 16:11:07,112.32050198080225,218.5028397252915,-4.797817802253981,긴장,2
2025-03-25 16:11:06,112.63880413400202,216.63915379542215,-3.976337470091213,긴장,2
2025-03-25 16:11:05,117.70688785118314,211.3417154835868,5.8908392089132136,긴장,2
2025-03-25 16:11:04,116.78891777817955,237.7901745738523,23.47478305529046,긴장,2
2025-03-25 16:11:03,119.62989451591419,254.3753982381422,12.744809190409864,긴장,2
2025-03-25 16:11:02,118.23369138384963,250.20608264087096,5.483368658217395,긴장,2
2025-03-25 16:11:01,126.39572827229806,238.36091641095683,-5.042135668303365,긴장,2
2025-03-25 16:11:00,124.01240730350752,250.99379690548903,-7.544133920428862,긴장,2
2025-03-25 16:10:59,123.02202502383042,279.282226606148,10.266049538876665,긴장,2
2025-03-25 16:10:58,128.41154060890238,263.87793617109895,3.6178421071387774,긴장,2
2025-03-25 16:10:57,124.40600358229044,265.4796816229924,-1.0928170170262885,긴장,2
2025-03-25 16:10:56,117.32407635957748,259.64705549635386,-0.9644457385837223,긴장,2
2025-03-25 16:10:55,119.7724018894841,274.911647595617,-2.8029706710577513,긴장,2
2025-03-25 16:10:54,123.186755961846,263.7795591912586,-0.9280839487118209,긴장,2
2025-03-25 16:10:53,116.46069021991372,226.33994208876356,-2.060316248269207,긴장,2
2025-03-25 16:10:52,120.1243525673158,235.27383205242464,-0.956801741233734,긴장,2
2025-03-25 16:10:51,120.34447939888862,231.06268287307265,-4.1240583658764285,긴장,2
2025-03-25 16:10:50,112.99033182107628,230.06564942070887,-5.3289637810184916,긴장,2
2025-03-25 16:10:49,119.74060315658502,250.21020673755487,5.930125147056185,긴장,2
2025-03-25 16:10:48,115.7455545947386,255.01920791686354,-3.810855264748584,긴장,2
2025-03-25 16:14:24,125.48315335159441,156.96794179485013,42.45725190005925,긴장,2
2025-03-25 16:14:22,119.32054502689896,177.30047102869668,10.209446231414418,긴장,2
2025-03-25 16:14:21,121.16428712637027,181.85292593022575,11.632262832302391,긴장,2
2025-03-25 16:11:15,115.23214843608926,240.73930321296527,-1.9010882199199506,긴장,2
2025-03-25 16:11:14,115.87558373970361,202.41250895325445,-1.003056043903412,긴장,2
2025-03-25 16:11:13,113.41810484068944,237.30803576286254,-1.011075579453389,긴장,2
2025-03-25 16:11:12,112.84170043339401,204.92061500131112,-1.8826372801667464,긴장,2
2025-03-25 16:11:11,113.27270991988892,208.99479596068414,-0.9909458191887792,긴장,2
2025-03-25 16:11:10,114.65428971223633,230.137822061265,-1.9912507517406837,긴장,2
2025-03-25 16:11:09,115.69119692174094,228.13488523924704,0.0,긴장,2
2025-03-25 16:11:08,115.72606965849035,212.97480877754037,2.8854170461015753,긴장,2
2025-03-25 16:11:07,114.01044961977645,228.18657001487722,-5.142650838410899,긴장,2
2025-03-25 16:11:06,116.88666939080368,224.9787608495359,-4.079533367746561,긴장,2
2025-03-25 16:11:05,111.04944235603108,230.45948140944574,5.762179452639954,긴장,2
2025-03-25 16:11:04,116.57437411277539,250.15741735984057,25.228439485339337,긴장,2
2025-03-25 16:11:03,128.07075479733362,248.31280611952258,13.771899743839985,긴장,2
2025-03-25 16:11:02,125.59364141759605,259.4554048852338,6.506747293300476,긴장,2
2025-03-25 16:11:01,128.94848634641883,236.69531467121953,-4.720371510113455,긴장,2
2025-03-25 16:11:00,119.74452083488848,224.70020136065853,-8.381739712155003,긴장,2
2025-03-25 16:10:59,120.63102524115773,271.2952019250373,10.898125289480328,긴장,2
2025-03-25 16:10:58,124.41641610521108,277.70986875680177,3.678052398583821,긴장,2
2025-03-25 16:10:57,123.14228249850248,282.29475085505055,-0.9146384840851567,긴장,2
2025-03-25 16:10:56,124.1566784386043,275.87890252135105,-0.9002573035777467,긴장,2
2025-03-25 16:10:55,122.04671255360553,266.43870120016965,-3.0599861647398803,긴장,2
2025-03-25 16:10:54,118.0795370883589,250.78802664423688,-0.9396311030036547,긴장,2
2025-03-25 16:10:53,119.93211360701683,250.99870823916785,-2.1282562246120613,긴장,2
2025-03-25 16:10:52,118.72422304451516,259.7281113506045,-0.9601568022333351,긴장,2
2025-03-25 16:10:51,117.12044319267895,238.0019552536947,-4.202634318559426,긴장,2
2025-03-25 16:10:50,113.80072030167982,231.37046331665755,-4.5368965634461595,긴장,2
2025-03-25 16:10:49,114.01073117313416,265.58203197704256,6.101415255422552,긴장,2
2025-03-25 16:10:48,110.56478017906616,233.42241815736827,-3.7087450565625293,긴장,2
2025-03-25 16:14:24,126.24521923850179,151.03907773654694,36.291337639190395,긴장,2
2025-03-25 16:14:22,116.90430824320825,166.98984338458843,11.871220744253474,긴장,2
2025-03-25 16:14:21,123.2391209428472,186.37034860772684,10.433198420095485,긴장,2
2025-03-25 16:11:15,113.87412140002905,235.68858188541026,-2.0070018184968017,긴장,2
2025-03-25 16:11:14,113.02542083222036,238.87843469518282,-0.9413718430002684,긴장,2
2025-03-25 16:11:13,117.63359064224908,213.23220046564035,-0.916517459023839,긴장,2
2025-03-25 16:11:12,123.82865335967014,206.18611559848097,-2.0884854244461706,긴장,2
2025-03-25 16:11:11,115.60447624018427,209.47366470016158,-0.9479511112575579,긴장,2
2025-03-25 16:11:10,120.70306069500042,203.60087738244877,-2.1785007140055295,긴장,2
2025-03-25 16:11:09,117.62185349439358,232.57260608347016,0.0,긴장,2
2025-03-25 16:11:08,121.08796658454834,214.93103810007463,2.774373223700363,긴장,2
2025-03-25 16:11:07,115.11718083683455,219.15502904857777,-5.304123049945772,긴장,2
2025-03-25 16:11:06,110.65736015570423,188.34005694458287,-3.742197719411883,긴장,2
2025-03-25 16:11:05,114.04144845031907,203.5550674955194,6.42441371130734,긴장,2
2025-03-25 16:11:04,110.61605395331938,249.31833469777314,27.146035847606505,긴장,2
2025-03-25 16:11:03,122.04466867442365,265.0861777549743,14.531595534703166,긴장,2
2025-03-25 16:11:02,119.13958634734499,270.56200929750116,6.472930623283132,긴장,2
2025-03-25 16:11:01,121.59420344893307,231.4401024095666,-5.309555564513233,긴장,2
2025-03-25 16:11:00,125.51347683922958,240.9214891688539,-7.628240264225967,긴장,2
2025-03-25 16:10:59,127.94547558470721,245.36233192370983,9.35981494816674,긴장,2
2025-03-25 16:10:58,117.02911635959619,278.06511369134694,4.042335980738395,긴장,2
2025-03-25 16:10:57,127.87700419884884,270.7753763771006,-1.0139010844729077,긴장,2
2025-03-25 16:10:56,126.42731606421818,269.94379994397593,-0.9526891408588241,긴장,2
2025-03-25 16:10:55,117.56014275378735,257.7787775357152,-3.0843908318141757,긴장,2
2025-03-25 16:10:54,118.98497925498302,235.37785913774962,-1.0395265882941727,긴장,2
2025-03-25 16:10:53,114.61909248661543,253.64449433308152,-2.002933326850474,긴장,2
2025-03-25 16:10:52,116.13757313061761,247.7513091578498,-1.0837460556805882,긴장,2
2025-03-25 16:10:51,112.13965796512066,259.1556064833811,-3.8221131289426795,긴장,2
2025-03-25 16:10:50,119.05265212078668,218.22893532585482,-5.2098200035572,긴장,2
2025-03-25 16:10:49,112.06340612246929,268.2276485045118,5.96933075311977,긴장,2
2025-03-25 16:10:48,118.25207523653214,223.52321666693368,-4.092256924375304,긴장,2
2025-03-25 16:14:24,127.3992382633599,173.62617435343762,41.4887429210643,긴장,2
2025-03-25 16:14:22,123.46957809753789,177.904310426357,10.153951604919877,긴장,2
2025-03-25 16:14:21,116.18531849318387,178.87351753268254,11.153886810807478,긴장,2
2025-03-25 16:11:15,114.87177025897958,218.6272041624294,-2.0759307667880744,긴장,2
2025-03-25 16:11:14,116.10023252181558,230.15616249822273,-1.0172604651912662,긴장,2
2025-03-25 16:11:13,114.68919404656613,198.15006963009563,-0.9190368938052087,긴장,2
2025-03-25 16:11:12,118.75834925238902,194.98079064095228,-1.8399563779475094,긴장,2
2025-03-25 16:11:11,114.60909098571143,218.0103423732214,-0.9952932168224635,긴장,2
2025-03-25 16:11:10,119.05901424579794,214.3005938576515,-1.9515789191425006,긴장,2
2025-03-25 16:11:09,116.6498185977246,220.71650317059874,0.0,긴장,2
2025-03-25 16:11:08,118.45309871407134,197.77269985242498,2.8151136490864013,긴장,2
2025-03-25 16:11:07,111.60668232166987,229.2276700653712,-4.85156518600952,긴장,2
2025-03-25 16:11:06,110.58203226293847,213.67007895227286,-4.00847345709951,긴장,2
2025-03-25 16:11:05,115.3791593251621,228.86311839753552,5.5086614199748265,긴장,2
2025-03-25 16:11:04,112.54700133488508,217.41889764387125,24.5859733426141,긴장,2
2025-03-25 16:11:03,128.46725488539929,272.56880411575725,13.26809204830948,긴장,2
2025-03-25 16:11:02,119.86908325723769,258.4704288921697,6.474234123954053,긴장,2
2025-03-25 16:11:01,119.30727466772183,240.8537441752255,-5.126942632745956,긴장,2
2025-03-25 16:11:00,128.66151406483058,224.03353872421326,-7.557099094346905,긴장,2
2025-03-25 16:10:59,126.39076608740362,269.3535722147619,10.961140368529726,긴장,2
2025-03-25 16:10:58,123.39311175525808,258.2805951286756,4.181352152517004,긴장,2
2025-03-25 16:10:57,119.88770271382614,276.72219982424826,-1.0022793118152244,긴장,2
2025-03-25 16:10:56,123.35367738219485,280.43584979253205,-0.9419188606643979,긴장,2
2025-03-25 16:10:55,118.74063508894922,270.3914251141544,-2.8813013658801863,긴장,2
2025-03-25 16:10:54,120.6234351267438,263.69165235235204,-0.9221473422535147,긴장,2
2025-03-25 16:10:53,116.19436637542205,272.78201415685635,-2.079108944954823,긴장,2
2025-03-25 16:10:52,122.21139537327934,269.86763499846444,-0.9847358353808416,긴장,2
2025-03-25 16:10:51,112.25360954149893,245.8601355336902,-3.6797583511770577,긴장,2
2025-03-25 16:10:50,118.73308303346013,222.3846590377133,-5.3022377194698205,긴장,2
2025-03-25 16:10:49,109.88766968654068,223.7014095116575,6.1131500125538745,긴장,2
2025-03-25 16:10:48,112.8535086737526,234.1798444640453,-3.878474967932202,긴장,2
2025-03-25 16:14:24,127.09810079688542,156.17575655061168,43.04047750800643,긴장,2
2025-03-25 16:14:22,117.81949311277307,164.70652258709092,10.272932942285212,긴장,2
2025-03-25 16:14:21,118.61669269182046,173.59617083770308,10.04339262373601,긴장,2
2025-03-25 16:11:15,119.30368143718334,219.44537917129986,-1.847195246185008,긴장,2
2025-03-25 16:11:14,119.0575832067087,226.60335658795478,-0.9492486955925904,긴장,2
2025-03-25 16:11:13,113.48015517097372,215.11351691802616,-0.9682252330303929,긴장,2
2025-03-25 16:11:12,116.71640269661758,193.6381923754441,-1.9995268191856503,긴장,2
2025-03-25 16:11:11,114.17268434157243,218.38355272309232,-0.9673622537839974,긴장,2
2025-03-25 16:11:10,111.95819035932125,226.9302028234108,-1.9561611095494562,긴장,2
2025-03-25 16:11:09,111.52646499648577,221.85496457443307,0.0,긴장,2
2025-03-25 16:11:08,113.14490057280585,222.56365803666787,2.7985907772385197,긴장,2
2025-03-25 16:11:07,115.29220045085246,211.02056714057957,-5.49231259156973,긴장,2
2025-03-25 16:11:06,114.90874328157453,185.61387658838402,-4.394365476584925,긴장,2
2025-03-25 16:11:05,113.88248956922028,202.72195882118194,5.989439470824213,긴장,2
2025-03-25 16:11:04,111.11112701177422,256.34103822765326,24.559707309003713,긴장,2
2025-03-25 16:11:03,122.45673767156904,265.2455322210003,12.64993503866437,긴장,2
2025-03-25 16:11:02,123.08902262573761,248.75817886756244,5.954976464638011,긴장,2
2025-03-25 16:11:01,126.05423471525035,267.2082551847984,-5.110403828844309,긴장,2
2025-03-25 16:11:00,123.92886927362481,258.4719429929056,-7.643275959518851,긴장,2
2025-03-25 16:10:59,119.46966200664492,242.16951034026292,10.011696873685889,긴장,2
2025-03-25 16:10:58,124.19216452638338,251.76582067734142,3.766683397590889,긴장,2
2025-03-25 16:10:57,118.1933435499102,235.9814235222137,-1.0353668828458233,긴장,2
2025-03-25 16:10:56,117.5485292238103,236.9887673085173,-1.044382544664527,긴장,2
2025-03-25 16:10:55,121.38877965903741,273.35180732994286,-3.003967507465931,긴장,2
2025-03-25 16:10:54,116.42057035560819,229.17219510946433,-1.0816596863544554,긴장,2
2025-03-25 16:10:53,119.13199668568333,239.918094002839,-2.0026265435724553,긴장,2
2025-03-25 16:10:52,116.63505700367212,225.69188901382634,-1.0252502765770164,긴장,2
2025-03-25 16:10:51,116.31865630793811,227.032913201227,-4.319741870101827,긴장,2
2025-03-25 16:10:50,118.88853636362903,259.82781209976747,-4.813855084503634,긴장,2
2025-03-25 16:10:49,118.37469966257576,233.57859040903801,5.509604154712179,긴장,2
2025-03-25 16:10:48,111.16123583148055,235.51906095607384,-3.68952259651659,긴장,2
2025-03-25 16:14:24,132.92878110392274,153.65710250738206,37.13233740490793,긴장,2
2025-03-25 16:14:22,124.27196855366549,175.9061511801635,10.048797384159396,긴장,2
2025-03-25 16:14:21,125.85751206471849,199.38592509967484,12.063213474423241,긴장,2
2025-03-25 16:11:15,119.28501404854744,236.9148469515459,-2.1969829439994766,긴장,2
2025-03-25 16:11:14,112.74355738296968,222.87155791267713,-0.9444700601930259,긴장,2
2025-03-25 16:11:13,123.24778081376712,228.0492485462158,-0.9279215130299625,긴장,2
2025-03-25 16:11:12,122.24112950642917,223.25559773750052,-2.1257482539977426,긴장,2
2025-03-25 16:11:11,119.32761390913228,228.4196582319443,-1.0597814574905298,긴장,2
2025-03-25 16:11:10,116.23569576529732,203.3182894908423,-1.8885754656214333,긴장,2
2025-03-25 16:11:09,110.34537286764836,215.28854691193803,0.0,긴장,2
2025-03-25 16:11:08,115.95640178779159,228.71905434595897,3.0136113972679883,긴장,2
2025-03-25 16:11:07,113.117543841661,191.17385847113135,-5.002449531669278,긴장,2
2025-03-25 16:11:06,119.5021886170526,213.0071952711801,-4.3238649656025645,긴장,2
2025-03-25 16:11:05,118.91594095030118,220.36169411191204,5.982215732122146,긴장,2
2025-03-25 16:11:04,111.9869384344888,237.28318957357152,24.810910604192564,긴장,2
2025-03-25 16:11:03,119.14689324156944,274.44601176688485,14.402097107058916,긴장,2
2025-03-25 16:11:02,119.58713890007029,249.9957377550841,5.818971784003888,긴장,2
2025-03-25 16:11:01,116.99512153867066,256.92422074643946,-4.534306357234382,긴장,2
2025-03-25 16:11:00,122.34186918164632,259.64648297798124,-7.3187108429031795,긴장,2
2025-03-25 16:10:59,128.56234384631946,276.8072785379442,9.771278892850017,긴장,2
2025-03-25 16:10:58,122.95719584605406,258.7064117631656,3.838427470148567,긴장,2
2025-03-25 16:10:57,117.778783906684,251.8279074681955,-0.9918947796451019,긴장,2
2025-03-25 16:10:56,123.55248348162549,247.09991146831263,-1.0048021023893188,긴장,2
2025-03-25 16:10:55,118.73643781352534,270.4009859725592,-3.0911440627224827,긴장,2
2025-03-25 16:10:54,117.86788519868658,232.23024680057867,-1.0565833790990844,긴장,2
2025-03-25 16:10:53,122.80206968266596,271.8390065907152,-2.1849773814188422,긴장,2
2025-03-25 16:10:52,114.99533080581142,224.41920067831413,-1.0953251617123412,긴장,2
2025-03-25 16:10:51,116.57487238852322,261.85832091975954,-4.060258960764812,긴장,2
2025-03-25 16:10:50,110.84284867494706,236.00050634339533,-4.781122457899522,긴장,2
2025-03-25 16:10:49,118.2304689398166,221.69111945555306,6.370376761432074,긴장,2
2025-03-25 16:10:48,114.3207733728173,242.56526522165552,-3.637724671590216,긴장,2
2025-03-25 16:10:49,114.30383665961865,236.2448648818325,6.296216773341158,긴장,2
2025-03-25 16:11:07,121.00787415614464,205.17887105685674,-5.201454568681504,긴장,2
2025-03-25 16:11:11,116.32247288091648,229.04462706026126,-1.06626784246802,긴장,2
2025-03-25 16:11:01,120.21609377073416,266.8036999099856,-5.14672148552188,긴장,2
2025-03-25 16:11:15,122.80965896877309,217.15221715424218,-1.854871552871619,긴장,2
2025-03-25 16:11:07,116.89059239043303,212.6194343164832,-4.5305249722656775,긴장,2
2025-03-25 16:11:06,113.04746191014162,204.0127279275932,-3.670138220997737,긴장,2
2025-03-25 16:11:09,110.83539640816907,213.439327040051,0.0,긴장,2
2025-03-25 16:11:04,113.2472074266891,243.02455939497108,26.960790865533937,긴장,2
